method,dim,n_clusters,silhouette,davies_bouldin,calinski_harabasz
Doc2Vec,50,4,0.17507369816303253,2.574680553323281,188.45871338728003
Doc2Vec,50,5,0.13254964351654053,2.797605022837897,162.00727100783428
Doc2Vec,50,8,0.12550054490566254,2.6794251048713935,122.56441555144663
Doc2Vec,50,10,0.09529664367437363,2.612753870760005,107.94779307999266
Doc2Vec,50,15,0.10352006554603577,2.6751906928780516,82.46195909203352
Doc2Vec,100,4,0.1844898760318756,2.48805938783029,202.96130578560386
Doc2Vec,100,5,0.14498913288116455,2.693539588971324,174.4920390356074
Doc2Vec,100,8,0.12001362442970276,2.493716162433918,132.6517607462686
Doc2Vec,100,10,0.1136225238442421,2.5194808318519244,115.75258171665982
Doc2Vec,100,15,0.1037520319223404,2.5461158896507228,87.70929459141435
Doc2Vec,300,4,0.20747880637645721,2.332698008722523,235.6127168478037
Doc2Vec,300,5,0.1608414351940155,2.545232850584599,202.24012925956993
Doc2Vec,300,8,0.1427498608827591,2.360593255792573,154.31858051783664
Doc2Vec,300,10,0.12761545181274414,2.4360793502498046,134.00853301164662
Doc2Vec,300,15,0.12439965456724167,2.415501696914336,101.9820188000938
Word2Vec_bins,50,4,0.13342839983259816,3.249919628286249,167.32534981686916
Word2Vec_bins,50,5,0.09729289167486965,3.350287154601405,140.3033322722984
Word2Vec_bins,50,8,0.11175891634413303,3.0050623201385447,104.61460233301607
Word2Vec_bins,50,10,0.10220605760786915,2.853232733028223,91.34670990879029
Word2Vec_bins,50,15,0.10140666311978964,2.7456370328187747,71.3272256318074
Word2Vec_bins,100,4,0.08257068297776142,4.175023387931913,104.27350027902865
Word2Vec_bins,100,5,0.0836995359691086,4.180541275582465,87.62267965966223
Word2Vec_bins,100,8,0.06228155810290339,3.839579493064853,64.1243205830965
Word2Vec_bins,100,10,0.06903381493681901,3.7930118504160304,55.358383512684306
Word2Vec_bins,100,15,0.046914327366834076,3.750767540626405,41.62250237203743
Word2Vec_bins,300,4,0.052053203529236224,6.262856654075973,47.939544023906606
Word2Vec_bins,300,5,0.0593031487448123,5.289695016906397,43.22652223622586
Word2Vec_bins,300,8,0.030728422950370055,5.461498969489088,31.037405441211167
Word2Vec_bins,300,10,0.03487105228117194,5.267832846281679,26.809853360793547
Word2Vec_bins,300,15,0.02790002936466067,5.1975806380905425,20.305628393808014
